"LastWriteTime","FullName"
"13.03.2026 17:45:21","C:\Users\sk36\.gemini\antigravity\scratch\icsistemler-platformu\modified_files_today.csv"
"13.03.2026 17:31:12","C:\Users\sk36\.gemini\antigravity\scratch\icsistemler-platformu\frontend\.next\cache\webpack\client-development\11.pack.gz"
"13.03.2026 17:31:12","C:\Users\sk36\.gemini\antigravity\scratch\icsistemler-platformu\frontend\.next\cache\webpack\client-development\index.pack.gz"
"13.03.2026 17:31:12","C:\Users\sk36\.gemini\antigravity\scratch\icsistemler-platformu\frontend\.next\cache\webpack\client-development\39.pack.gz"
"13.03.2026 17:31:12","C:\Users\sk36\.gemini\antigravity\scratch\icsistemler-platformu\frontend\.next\cache\webpack\client-development\38.pack.gz"
"13.03.2026 17:31:12","C:\Users\sk36\.gemini\antigravity\scratch\icsistemler-platformu\frontend\.next\cache\webpack\client-development\43.pack.gz"
"13.03.2026 17:31:12","C:\Users\sk36\.gemini\antigravity\scratch\icsistemler-platformu\frontend\.next\cache\webpack\client-development\2.pack.gz"
"13.03.2026 17:31:12","C:\Users\sk36\.gemini\antigravity\scratch\icsistemler-platformu\frontend\.next\cache\webpack\client-development\32.pack.gz"
"13.03.2026 17:31:11","C:\Users\sk36\.gemini\antigravity\scratch\icsistemler-platformu\frontend\.next\cache\webpack\client-development\20.pack.gz"
"13.03.2026 17:31:11","C:\Users\sk36\.gemini\antigravity\scratch\icsistemler-platformu\frontend\.next\cache\webpack\client-development\44.pack.gz"
"13.03.2026 17:31:09","C:\Users\sk36\.gemini\antigravity\scratch\icsistemler-platformu\frontend\.next\cache\webpack\server-development\14.pack.gz"
"13.03.2026 17:31:09","C:\Users\sk36\.gemini\antigravity\scratch\icsistemler-platformu\frontend\.next\cache\webpack\server-development\17.pack.gz"
"13.03.2026 17:31:09","C:\Users\sk36\.gemini\antigravity\scratch\icsistemler-platformu\frontend\.next\cache\webpack\server-development\index.pack.gz"
"13.03.2026 17:31:09","C:\Users\sk36\.gemini\antigravity\scratch\icsistemler-platformu\frontend\.next\cache\webpack\server-development\20.pack.gz"
"13.03.2026 17:31:09","C:\Users\sk36\.gemini\antigravity\scratch\icsistemler-platformu\frontend\.next\cache\webpack\server-development\35.pack.gz"
"13.03.2026 17:31:09","C:\Users\sk36\.gemini\antigravity\scratch\icsistemler-platformu\frontend\.next\cache\webpack\server-development\0.pack.gz"
"13.03.2026 17:31:09","C:\Users\sk36\.gemini\antigravity\scratch\icsistemler-platformu\frontend\.next\cache\webpack\server-development\44.pack.gz"
"13.03.2026 17:30:09","C:\Users\sk36\.gemini\antigravity\scratch\icsistemler-platformu\frontend\.next\server\app\audit\sampling\page_client-reference-manifest.js"
"13.03.2026 17:30:09","C:\Users\sk36\.gemini\antigravity\scratch\icsistemler-platformu\frontend\.next\server\app\audit\page_client-reference-manifest.js"
"13.03.2026 17:30:09","C:\Users\sk36\.gemini\antigravity\scratch\icsistemler-platformu\frontend\.next\server\app\page_client-reference-manifest.js"
"13.03.2026 17:30:09","C:\Users\sk36\.gemini\antigravity\scratch\icsistemler-platformu\frontend\.next\server\app\login\page_client-reference-manifest.js"
"13.03.2026 17:30:09","C:\Users\sk36\.gemini\antigravity\scratch\icsistemler-platformu\frontend\.next\server\next-font-manifest.json"
"13.03.2026 17:30:09","C:\Users\sk36\.gemini\antigravity\scratch\icsistemler-platformu\frontend\.next\server\next-font-manifest.js"
"13.03.2026 17:30:09","C:\Users\sk36\.gemini\antigravity\scratch\icsistemler-platformu\frontend\.next\static\webpack\app\audit\sampling\page.3cc7ce10fa4b1cdd.hot-update.js"
"13.03.2026 17:30:09","C:\Users\sk36\.gemini\antigravity\scratch\icsistemler-platformu\frontend\.next\static\webpack\3cc7ce10fa4b1cdd.webpack.hot-update.json"
"13.03.2026 17:30:09","C:\Users\sk36\.gemini\antigravity\scratch\icsistemler-platformu\frontend\.next\static\chunks\app\audit\sampling\page.js"
"13.03.2026 17:30:09","C:\Users\sk36\.gemini\antigravity\scratch\icsistemler-platformu\frontend\.next\static\webpack\webpack.3cc7ce10fa4b1cdd.hot-update.js"
"13.03.2026 17:30:09","C:\Users\sk36\.gemini\antigravity\scratch\icsistemler-platformu\frontend\.next\static\development\_buildManifest.js"
"13.03.2026 17:30:09","C:\Users\sk36\.gemini\antigravity\scratch\icsistemler-platformu\frontend\.next\static\webpack\app\layout.3cc7ce10fa4b1cdd.hot-update.js"
"13.03.2026 17:30:09","C:\Users\sk36\.gemini\antigravity\scratch\icsistemler-platformu\frontend\.next\server\middleware-build-manifest.js"
"13.03.2026 17:30:09","C:\Users\sk36\.gemini\antigravity\scratch\icsistemler-platformu\frontend\.next\server\middleware-react-loadable-manifest.js"
"13.03.2026 17:30:09","C:\Users\sk36\.gemini\antigravity\scratch\icsistemler-platformu\frontend\.next\app-build-manifest.json"
"13.03.2026 17:30:09","C:\Users\sk36\.gemini\antigravity\scratch\icsistemler-platformu\frontend\.next\static\development\_ssgManifest.js"
"13.03.2026 17:30:09","C:\Users\sk36\.gemini\antigravity\scratch\icsistemler-platformu\frontend\.next\static\chunks\webpack.js"
"13.03.2026 17:30:09","C:\Users\sk36\.gemini\antigravity\scratch\icsistemler-platformu\frontend\.next\build-manifest.json"
"13.03.2026 17:30:09","C:\Users\sk36\.gemini\antigravity\scratch\icsistemler-platformu\frontend\.next\static\chunks\app\layout.js"
"13.03.2026 17:30:09","C:\Users\sk36\.gemini\antigravity\scratch\icsistemler-platformu\frontend\.next\react-loadable-manifest.json"
"13.03.2026 17:30:08","C:\Users\sk36\.gemini\antigravity\scratch\icsistemler-platformu\frontend\.next\types\app\audit\layout.ts"
"13.03.2026 17:30:08","C:\Users\sk36\.gemini\antigravity\scratch\icsistemler-platformu\frontend\.next\types\app\audit\sampling\page.ts"
"13.03.2026 17:30:08","C:\Users\sk36\.gemini\antigravity\scratch\icsistemler-platformu\frontend\.next\types\app\login\page.ts"
"13.03.2026 17:30:08","C:\Users\sk36\.gemini\antigravity\scratch\icsistemler-platformu\frontend\.next\server\server-reference-manifest.js"
"13.03.2026 17:30:08","C:\Users\sk36\.gemini\antigravity\scratch\icsistemler-platformu\frontend\.next\server\server-reference-manifest.json"
"13.03.2026 17:30:08","C:\Users\sk36\.gemini\antigravity\scratch\icsistemler-platformu\frontend\.next\types\app\layout.ts"
"13.03.2026 17:30:08","C:\Users\sk36\.gemini\antigravity\scratch\icsistemler-platformu\frontend\.next\server\app-paths-manifest.json"
"13.03.2026 17:30:08","C:\Users\sk36\.gemini\antigravity\scratch\icsistemler-platformu\frontend\.next\types\package.json"
"13.03.2026 17:30:08","C:\Users\sk36\.gemini\antigravity\scratch\icsistemler-platformu\frontend\.next\types\app\audit\page.ts"
"13.03.2026 17:30:08","C:\Users\sk36\.gemini\antigravity\scratch\icsistemler-platformu\frontend\.next\types\app\page.ts"
"13.03.2026 17:30:08","C:\Users\sk36\.gemini\antigravity\scratch\icsistemler-platformu\frontend\.next\server\pages-manifest.json"
"13.03.2026 17:30:08","C:\Users\sk36\.gemini\antigravity\scratch\icsistemler-platformu\frontend\.next\server\app\audit\sampling\page.js"
"13.03.2026 17:30:08","C:\Users\sk36\.gemini\antigravity\scratch\icsistemler-platformu\frontend\.next\server\webpack-runtime.js"
"13.03.2026 17:30:07","C:\Users\sk36\.gemini\antigravity\scratch\icsistemler-platformu\frontend\components\sampling\AdvancedSamplingModal.tsx"
"13.03.2026 17:30:06","C:\Users\sk36\.gemini\antigravity\scratch\icsistemler-platformu\frontend\.next\static\webpack\webpack.73aa0eb5c12050e7.hot-update.js"
"13.03.2026 17:30:06","C:\Users\sk36\.gemini\antigravity\scratch\icsistemler-platformu\frontend\.next\static\webpack\app\layout.73aa0eb5c12050e7.hot-update.js"
"13.03.2026 17:30:06","C:\Users\sk36\.gemini\antigravity\scratch\icsistemler-platformu\frontend\.next\static\webpack\app\audit\sampling\page.73aa0eb5c12050e7.hot-update.js"
"13.03.2026 17:30:06","C:\Users\sk36\.gemini\antigravity\scratch\icsistemler-platformu\frontend\.next\static\webpack\73aa0eb5c12050e7.webpack.hot-update.json"
"13.03.2026 17:30:04","C:\Users\sk36\.gemini\antigravity\scratch\icsistemler-platformu\frontend\components\ui\CustomSelect.tsx"
"13.03.2026 17:29:54","C:\Users\sk36\.gemini\antigravity\scratch\icsistemler-platformu\frontend\.next\static\webpack\7d98514749393ce2.webpack.hot-update.json"
"13.03.2026 17:29:54","C:\Users\sk36\.gemini\antigravity\scratch\icsistemler-platformu\frontend\.next\static\webpack\app\layout.7d98514749393ce2.hot-update.js"
"13.03.2026 17:29:54","C:\Users\sk36\.gemini\antigravity\scratch\icsistemler-platformu\frontend\.next\static\webpack\webpack.7d98514749393ce2.hot-update.js"
"13.03.2026 17:29:51","C:\Users\sk36\.gemini\antigravity\scratch\icsistemler-platformu\frontend\.next\static\webpack\app\audit\sampling\page.a592dd662179d342.hot-update.js"
"13.03.2026 17:29:51","C:\Users\sk36\.gemini\antigravity\scratch\icsistemler-platformu\frontend\.next\static\webpack\a592dd662179d342.webpack.hot-update.json"
"13.03.2026 17:29:51","C:\Users\sk36\.gemini\antigravity\scratch\icsistemler-platformu\frontend\.next\static\webpack\app\layout.a592dd662179d342.hot-update.js"
"13.03.2026 17:29:51","C:\Users\sk36\.gemini\antigravity\scratch\icsistemler-platformu\frontend\.next\static\webpack\webpack.a592dd662179d342.hot-update.js"
"13.03.2026 17:28:46","C:\Users\sk36\.gemini\antigravity\scratch\icsistemler-platformu\backend\prisma\dev.db"
"13.03.2026 17:27:11","C:\Users\sk36\.gemini\antigravity\scratch\icsistemler-platformu\frontend\.next\cache\webpack\server-development\index.pack.gz.old"
"13.03.2026 17:27:11","C:\Users\sk36\.gemini\antigravity\scratch\icsistemler-platformu\frontend\.next\cache\webpack\server-development\19.pack.gz"
"13.03.2026 17:27:11","C:\Users\sk36\.gemini\antigravity\scratch\icsistemler-platformu\frontend\.next\cache\webpack\server-development\29.pack.gz"
"13.03.2026 17:27:11","C:\Users\sk36\.gemini\antigravity\scratch\icsistemler-platformu\frontend\.next\cache\webpack\server-development\16.pack.gz"
"13.03.2026 17:27:11","C:\Users\sk36\.gemini\antigravity\scratch\icsistemler-platformu\frontend\.next\cache\webpack\server-development\13.pack.gz"
"13.03.2026 17:27:11","C:\Users\sk36\.gemini\antigravity\scratch\icsistemler-platformu\frontend\.next\cache\webpack\server-development\12.pack.gz"
"13.03.2026 17:27:11","C:\Users\sk36\.gemini\antigravity\scratch\icsistemler-platformu\frontend\.next\cache\webpack\server-development\2.pack.gz"
"13.03.2026 17:27:11","C:\Users\sk36\.gemini\antigravity\scratch\icsistemler-platformu\frontend\.next\cache\webpack\server-development\5.pack.gz"
"13.03.2026 17:26:21","C:\Users\sk36\.gemini\antigravity\scratch\icsistemler-platformu\frontend\.next\cache\webpack\client-development\4.pack.gz"
"13.03.2026 17:26:16","C:\Users\sk36\.gemini\antigravity\scratch\icsistemler-platformu\frontend\.next\cache\webpack\client-development\index.pack.gz.old"
"13.03.2026 17:26:16","C:\Users\sk36\.gemini\antigravity\scratch\icsistemler-platformu\frontend\.next\cache\webpack\client-development\1.pack.gz"
"13.03.2026 17:26:16","C:\Users\sk36\.gemini\antigravity\scratch\icsistemler-platformu\frontend\.next\cache\webpack\client-development\18.pack.gz"
"13.03.2026 17:26:16","C:\Users\sk36\.gemini\antigravity\scratch\icsistemler-platformu\frontend\.next\cache\webpack\client-development\3.pack.gz"
"13.03.2026 17:26:12","C:\Users\sk36\.gemini\antigravity\scratch\icsistemler-platformu\frontend\.next\static\webpack\webpack.3b28413bff5b748a.hot-update.js"
"13.03.2026 17:26:12","C:\Users\sk36\.gemini\antigravity\scratch\icsistemler-platformu\frontend\.next\static\webpack\3b28413bff5b748a.webpack.hot-update.json"
"13.03.2026 17:26:10","C:\Users\sk36\.gemini\antigravity\scratch\icsistemler-platformu\frontend\.next\server\app\audit\page.js"
"13.03.2026 17:26:10","C:\Users\sk36\.gemini\antigravity\scratch\icsistemler-platformu\frontend\.next\server\vendor-chunks\lucide-react.js"
"13.03.2026 17:26:08","C:\Users\sk36\.gemini\antigravity\scratch\icsistemler-platformu\frontend\.next\cache\webpack\client-development\28.pack.gz"
"13.03.2026 17:26:08","C:\Users\sk36\.gemini\antigravity\scratch\icsistemler-platformu\frontend\.next\cache\webpack\client-development\27.pack.gz"
"13.03.2026 17:26:08","C:\Users\sk36\.gemini\antigravity\scratch\icsistemler-platformu\frontend\.next\cache\webpack\client-development\30.pack.gz"
"13.03.2026 17:26:04","C:\Users\sk36\.gemini\antigravity\scratch\icsistemler-platformu\frontend\.next\static\webpack\app\layout.c88cf87c07b119fc.hot-update.js"
"13.03.2026 17:26:04","C:\Users\sk36\.gemini\antigravity\scratch\icsistemler-platformu\frontend\.next\static\chunks\app\audit\page.js"
"13.03.2026 17:26:04","C:\Users\sk36\.gemini\antigravity\scratch\icsistemler-platformu\frontend\.next\static\webpack\c88cf87c07b119fc.webpack.hot-update.json"
"13.03.2026 17:26:04","C:\Users\sk36\.gemini\antigravity\scratch\icsistemler-platformu\frontend\.next\static\chunks\_app-pages-browser_node_modules_html2canvas_dist_html2canvas_js.js"
"13.03.2026 17:26:04","C:\Users\sk36\.gemini\antigravity\scratch\icsistemler-platformu\frontend\.next\static\webpack\webpack.c88cf87c07b119fc.hot-update.js"
"13.03.2026 17:26:04","C:\Users\sk36\.gemini\antigravity\scratch\icsistemler-platformu\frontend\.next\static\chunks\_app-pages-browser_lib_audit-api_ts.js"
"13.03.2026 17:26:04","C:\Users\sk36\.gemini\antigravity\scratch\icsistemler-platformu\frontend\.next\static\chunks\_app-pages-browser_node_modules_dompurify_dist_purify_es_mjs.js"
"13.03.2026 17:26:04","C:\Users\sk36\.gemini\antigravity\scratch\icsistemler-platformu\frontend\.next\static\chunks\app\audit\layout.js"
"13.03.2026 17:26:04","C:\Users\sk36\.gemini\antigravity\scratch\icsistemler-platformu\frontend\.next\static\css\app\audit\layout.css"
"13.03.2026 17:26:04","C:\Users\sk36\.gemini\antigravity\scratch\icsistemler-platformu\frontend\.next\static\chunks\_app-pages-browser_node_modules_canvg_lib_index_es_js.js"
"13.03.2026 17:26:00","C:\Users\sk36\.gemini\antigravity\scratch\icsistemler-platformu\frontend\.next\server\vendor-chunks\html2canvas.js"
"13.03.2026 17:26:00","C:\Users\sk36\.gemini\antigravity\scratch\icsistemler-platformu\frontend\.next\server\vendor-chunks\dompurify.js"
"13.03.2026 17:26:00","C:\Users\sk36\.gemini\antigravity\scratch\icsistemler-platformu\frontend\.next\server\vendor-chunks\jspdf.js"
"13.03.2026 17:26:00","C:\Users\sk36\.gemini\antigravity\scratch\icsistemler-platformu\frontend\.next\server\vendor-chunks\raf.js"
"13.03.2026 17:26:00","C:\Users\sk36\.gemini\antigravity\scratch\icsistemler-platformu\frontend\.next\server\vendor-chunks\rgbcolor.js"
"13.03.2026 17:26:00","C:\Users\sk36\.gemini\antigravity\scratch\icsistemler-platformu\frontend\.next\server\vendor-chunks\performance-now.js"
"13.03.2026 17:26:00","C:\Users\sk36\.gemini\antigravity\scratch\icsistemler-platformu\frontend\.next\server\vendor-chunks\stackblur-canvas.js"
"13.03.2026 17:25:59","C:\Users\sk36\.gemini\antigravity\scratch\icsistemler-platformu\frontend\.next\server\vendor-chunks\canvg.js"
"13.03.2026 17:25:59","C:\Users\sk36\.gemini\antigravity\scratch\icsistemler-platformu\frontend\.next\server\vendor-chunks\fflate.js"
"13.03.2026 17:25:59","C:\Users\sk36\.gemini\antigravity\scratch\icsistemler-platformu\frontend\.next\server\vendor-chunks\jspdf-autotable.js"
"13.03.2026 17:25:59","C:\Users\sk36\.gemini\antigravity\scratch\icsistemler-platformu\frontend\.next\server\vendor-chunks\svg-pathdata.js"
"13.03.2026 17:25:59","C:\Users\sk36\.gemini\antigravity\scratch\icsistemler-platformu\frontend\.next\server\vendor-chunks\xlsx.js"
"13.03.2026 17:25:59","C:\Users\sk36\.gemini\antigravity\scratch\icsistemler-platformu\frontend\.next\server\vendor-chunks\pako.js"
"13.03.2026 17:25:59","C:\Users\sk36\.gemini\antigravity\scratch\icsistemler-platformu\frontend\.next\server\vendor-chunks\iobuffer.js"
"13.03.2026 17:25:59","C:\Users\sk36\.gemini\antigravity\scratch\icsistemler-platformu\frontend\.next\server\vendor-chunks\core-js.js"
"13.03.2026 17:25:59","C:\Users\sk36\.gemini\antigravity\scratch\icsistemler-platformu\frontend\.next\server\vendor-chunks\@babel.js"
"13.03.2026 17:25:59","C:\Users\sk36\.gemini\antigravity\scratch\icsistemler-platformu\frontend\.next\server\vendor-chunks\fast-png.js"
"13.03.2026 17:25:59","C:\Users\sk36\.gemini\antigravity\scratch\icsistemler-platformu\frontend\.next\server\app\page.js"
"13.03.2026 17:25:59","C:\Users\sk36\.gemini\antigravity\scratch\icsistemler-platformu\frontend\.next\server\app\login\page.js"
"13.03.2026 17:25:58","C:\Users\sk36\.gemini\antigravity\scratch\icsistemler-platformu\frontend\.next\cache\webpack\client-development\40.pack.gz"
"13.03.2026 17:25:58","C:\Users\sk36\.gemini\antigravity\scratch\icsistemler-platformu\frontend\.next\cache\webpack\client-development\24.pack.gz"
"13.03.2026 17:25:57","C:\Users\sk36\.gemini\antigravity\scratch\icsistemler-platformu\frontend\.next\static\webpack\app\layout.1e7b907997a82dcb.hot-update.js"
"13.03.2026 17:25:57","C:\Users\sk36\.gemini\antigravity\scratch\icsistemler-platformu\frontend\.next\static\webpack\webpack.1e7b907997a82dcb.hot-update.js"
"13.03.2026 17:25:57","C:\Users\sk36\.gemini\antigravity\scratch\icsistemler-platformu\frontend\.next\static\webpack\1e7b907997a82dcb.webpack.hot-update.json"
"13.03.2026 17:25:56","C:\Users\sk36\.gemini\antigravity\scratch\icsistemler-platformu\frontend\.next\static\webpack\010ea1cb5864f967.webpack.hot-update.json"
"13.03.2026 17:25:56","C:\Users\sk36\.gemini\antigravity\scratch\icsistemler-platformu\frontend\.next\static\webpack\webpack.010ea1cb5864f967.hot-update.js"
"13.03.2026 17:25:55","C:\Users\sk36\.gemini\antigravity\scratch\icsistemler-platformu\frontend\.next\static\webpack\app\layout.010ea1cb5864f967.hot-update.js"
"13.03.2026 17:25:55","C:\Users\sk36\.gemini\antigravity\scratch\icsistemler-platformu\frontend\.next\static\chunks\app\page.js"
"13.03.2026 17:25:53","C:\Users\sk36\.gemini\antigravity\scratch\icsistemler-platformu\frontend\.next\server\vendor-chunks\next.js"
"13.03.2026 17:16:59","C:\Users\sk36\.gemini\antigravity\scratch\icsistemler-platformu\frontend\.next\cache\webpack\client-development\31.pack.gz"
"13.03.2026 17:16:59","C:\Users\sk36\.gemini\antigravity\scratch\icsistemler-platformu\frontend\.next\cache\webpack\client-development\19.pack.gz"
"13.03.2026 17:16:59","C:\Users\sk36\.gemini\antigravity\scratch\icsistemler-platformu\frontend\.next\cache\webpack\client-development\17.pack.gz"
"13.03.2026 17:16:57","C:\Users\sk36\.gemini\antigravity\scratch\icsistemler-platformu\frontend\.next\static\webpack\app\layout.993c916c5fb888bb.hot-update.js"
"13.03.2026 17:16:57","C:\Users\sk36\.gemini\antigravity\scratch\icsistemler-platformu\frontend\.next\static\webpack\webpack.993c916c5fb888bb.hot-update.js"
"13.03.2026 17:16:57","C:\Users\sk36\.gemini\antigravity\scratch\icsistemler-platformu\frontend\.next\static\webpack\993c916c5fb888bb.webpack.hot-update.json"
"13.03.2026 17:16:57","C:\Users\sk36\.gemini\antigravity\scratch\icsistemler-platformu\frontend\.next\static\css\app\layout.css"
"13.03.2026 17:16:57","C:\Users\sk36\.gemini\antigravity\scratch\icsistemler-platformu\backend\dist\tsconfig.tsbuildinfo"
"13.03.2026 17:16:57","C:\Users\sk36\.gemini\antigravity\scratch\icsistemler-platformu\backend\dist\src\risk-engine\risk-engine.service.spec.d.ts"
"13.03.2026 17:16:57","C:\Users\sk36\.gemini\antigravity\scratch\icsistemler-platformu\backend\dist\src\risk-engine\risk-engine.service.spec.js"
"13.03.2026 17:16:57","C:\Users\sk36\.gemini\antigravity\scratch\icsistemler-platformu\backend\dist\src\risk-engine\risk-engine.service.spec.js.map"
"13.03.2026 17:16:57","C:\Users\sk36\.gemini\antigravity\scratch\icsistemler-platformu\backend\dist\src\organization\organization.service.spec.d.ts"
"13.03.2026 17:16:57","C:\Users\sk36\.gemini\antigravity\scratch\icsistemler-platformu\backend\dist\src\organization\organization.service.spec.js"
"13.03.2026 17:16:57","C:\Users\sk36\.gemini\antigravity\scratch\icsistemler-platformu\backend\dist\src\organization\organization.service.spec.js.map"
"13.03.2026 17:16:57","C:\Users\sk36\.gemini\antigravity\scratch\icsistemler-platformu\backend\dist\src\email\imap.service.spec.d.ts"
"13.03.2026 17:16:57","C:\Users\sk36\.gemini\antigravity\scratch\icsistemler-platformu\backend\dist\src\email\imap.service.spec.js"
"13.03.2026 17:16:57","C:\Users\sk36\.gemini\antigravity\scratch\icsistemler-platformu\backend\dist\src\email\imap.service.spec.js.map"
"13.03.2026 17:16:57","C:\Users\sk36\.gemini\antigravity\scratch\icsistemler-platformu\backend\dist\src\email\email.service.spec.d.ts"
"13.03.2026 17:16:57","C:\Users\sk36\.gemini\antigravity\scratch\icsistemler-platformu\backend\dist\src\email\email.service.spec.js"
"13.03.2026 17:16:57","C:\Users\sk36\.gemini\antigravity\scratch\icsistemler-platformu\backend\dist\src\email\email.service.spec.js.map"
"13.03.2026 17:16:57","C:\Users\sk36\.gemini\antigravity\scratch\icsistemler-platformu\backend\dist\src\common\interceptors\audit-access-log.interceptor.spec.d.ts"
"13.03.2026 17:16:57","C:\Users\sk36\.gemini\antigravity\scratch\icsistemler-platformu\backend\dist\src\common\interceptors\audit-access-log.interceptor.spec.js"
"13.03.2026 17:16:57","C:\Users\sk36\.gemini\antigravity\scratch\icsistemler-platformu\backend\dist\src\common\interceptors\audit-access-log.interceptor.spec.js.map"
"13.03.2026 17:16:57","C:\Users\sk36\.gemini\antigravity\scratch\icsistemler-platformu\backend\dist\src\common\filters\http-exception.filter.spec.d.ts"
"13.03.2026 17:16:57","C:\Users\sk36\.gemini\antigravity\scratch\icsistemler-platformu\backend\dist\src\common\filters\http-exception.filter.spec.js"
"13.03.2026 17:16:57","C:\Users\sk36\.gemini\antigravity\scratch\icsistemler-platformu\backend\dist\src\common\filters\http-exception.filter.spec.js.map"
"13.03.2026 17:16:57","C:\Users\sk36\.gemini\antigravity\scratch\icsistemler-platformu\backend\dist\src\common\secure-file.controller.spec.d.ts"
"13.03.2026 17:16:57","C:\Users\sk36\.gemini\antigravity\scratch\icsistemler-platformu\backend\dist\src\common\secure-file.controller.spec.js"
"13.03.2026 17:16:57","C:\Users\sk36\.gemini\antigravity\scratch\icsistemler-platformu\backend\dist\src\common\secure-file.controller.spec.js.map"
"13.03.2026 17:16:57","C:\Users\sk36\.gemini\antigravity\scratch\icsistemler-platformu\backend\dist\src\common\prisma.service.spec.d.ts"
"13.03.2026 17:16:57","C:\Users\sk36\.gemini\antigravity\scratch\icsistemler-platformu\backend\dist\src\common\prisma.service.spec.js"
"13.03.2026 17:16:57","C:\Users\sk36\.gemini\antigravity\scratch\icsistemler-platformu\backend\dist\src\common\prisma.service.spec.js.map"
"13.03.2026 17:16:57","C:\Users\sk36\.gemini\antigravity\scratch\icsistemler-platformu\backend\dist\src\auth\user.service.spec.d.ts"
"13.03.2026 17:16:57","C:\Users\sk36\.gemini\antigravity\scratch\icsistemler-platformu\backend\dist\src\auth\user.service.spec.js"
"13.03.2026 17:16:57","C:\Users\sk36\.gemini\antigravity\scratch\icsistemler-platformu\backend\dist\src\auth\user.service.spec.js.map"
"13.03.2026 17:16:57","C:\Users\sk36\.gemini\antigravity\scratch\icsistemler-platformu\backend\dist\src\auth\auth.service.spec.d.ts"
"13.03.2026 17:16:57","C:\Users\sk36\.gemini\antigravity\scratch\icsistemler-platformu\backend\dist\src\auth\auth.service.spec.js"
"13.03.2026 17:16:57","C:\Users\sk36\.gemini\antigravity\scratch\icsistemler-platformu\backend\dist\src\auth\auth.service.spec.js.map"
"13.03.2026 17:16:57","C:\Users\sk36\.gemini\antigravity\scratch\icsistemler-platformu\backend\dist\src\auth\auth.controller.spec.d.ts"
"13.03.2026 17:16:57","C:\Users\sk36\.gemini\antigravity\scratch\icsistemler-platformu\backend\dist\src\auth\auth.controller.spec.js"
"13.03.2026 17:16:57","C:\Users\sk36\.gemini\antigravity\scratch\icsistemler-platformu\backend\dist\src\auth\auth.controller.spec.js.map"
"13.03.2026 17:16:57","C:\Users\sk36\.gemini\antigravity\scratch\icsistemler-platformu\backend\dist\src\auditron\auditron.service.spec.d.ts"
"13.03.2026 17:16:57","C:\Users\sk36\.gemini\antigravity\scratch\icsistemler-platformu\backend\dist\src\auditron\auditron.service.spec.js"
"13.03.2026 17:16:57","C:\Users\sk36\.gemini\antigravity\scratch\icsistemler-platformu\backend\dist\src\auditron\auditron.service.spec.js.map"
"13.03.2026 17:16:57","C:\Users\sk36\.gemini\antigravity\scratch\icsistemler-platformu\backend\dist\src\audit\finding.service.spec.d.ts"
"13.03.2026 17:16:57","C:\Users\sk36\.gemini\antigravity\scratch\icsistemler-platformu\backend\dist\src\audit\finding.service.spec.js"
"13.03.2026 17:16:57","C:\Users\sk36\.gemini\antigravity\scratch\icsistemler-platformu\backend\dist\src\audit\finding.service.spec.js.map"
"13.03.2026 17:16:57","C:\Users\sk36\.gemini\antigravity\scratch\icsistemler-platformu\backend\dist\src\audit\audit.service.spec.d.ts"
"13.03.2026 17:16:57","C:\Users\sk36\.gemini\antigravity\scratch\icsistemler-platformu\backend\dist\src\audit\audit.service.spec.js"
"13.03.2026 17:16:57","C:\Users\sk36\.gemini\antigravity\scratch\icsistemler-platformu\backend\dist\src\audit\audit.service.spec.js.map"
"13.03.2026 17:16:57","C:\Users\sk36\.gemini\antigravity\scratch\icsistemler-platformu\backend\dist\src\audit\audit-log.service.spec.d.ts"
"13.03.2026 17:16:57","C:\Users\sk36\.gemini\antigravity\scratch\icsistemler-platformu\backend\dist\src\audit\audit-log.service.spec.js"
"13.03.2026 17:16:57","C:\Users\sk36\.gemini\antigravity\scratch\icsistemler-platformu\backend\dist\src\audit\audit-log.service.spec.js.map"
"13.03.2026 17:16:57","C:\Users\sk36\.gemini\antigravity\scratch\icsistemler-platformu\backend\dist\src\main.d.ts"
"13.03.2026 17:16:57","C:\Users\sk36\.gemini\antigravity\scratch\icsistemler-platformu\backend\dist\src\main.js"
"13.03.2026 17:16:57","C:\Users\sk36\.gemini\antigravity\scratch\icsistemler-platformu\backend\dist\src\main.js.map"
"13.03.2026 17:16:57","C:\Users\sk36\.gemini\antigravity\scratch\icsistemler-platformu\backend\dist\src\common\filters\http-exception.filter.d.ts"
"13.03.2026 17:16:57","C:\Users\sk36\.gemini\antigravity\scratch\icsistemler-platformu\backend\dist\src\common\filters\http-exception.filter.js"
"13.03.2026 17:16:57","C:\Users\sk36\.gemini\antigravity\scratch\icsistemler-platformu\backend\dist\src\common\filters\http-exception.filter.js.map"
"13.03.2026 17:16:57","C:\Users\sk36\.gemini\antigravity\scratch\icsistemler-platformu\backend\dist\scripts\simulate-cancellations.d.ts"
"13.03.2026 17:16:57","C:\Users\sk36\.gemini\antigravity\scratch\icsistemler-platformu\backend\dist\scripts\simulate-cancellations.js"
"13.03.2026 17:16:57","C:\Users\sk36\.gemini\antigravity\scratch\icsistemler-platformu\backend\dist\scripts\simulate-cancellations.js.map"
"13.03.2026 17:16:57","C:\Users\sk36\.gemini\antigravity\scratch\icsistemler-platformu\backend\dist\scripts\db-check.d.ts"
"13.03.2026 17:16:57","C:\Users\sk36\.gemini\antigravity\scratch\icsistemler-platformu\backend\dist\scripts\db-check.js"
"13.03.2026 17:16:57","C:\Users\sk36\.gemini\antigravity\scratch\icsistemler-platformu\backend\dist\scripts\db-check.js.map"
"13.03.2026 17:16:57","C:\Users\sk36\.gemini\antigravity\scratch\icsistemler-platformu\backend\dist\prisma\seed.d.ts"
"13.03.2026 17:16:57","C:\Users\sk36\.gemini\antigravity\scratch\icsistemler-platformu\backend\dist\prisma\seed.js"
"13.03.2026 17:16:57","C:\Users\sk36\.gemini\antigravity\scratch\icsistemler-platformu\backend\dist\prisma\seed.js.map"
"13.03.2026 17:16:57","C:\Users\sk36\.gemini\antigravity\scratch\icsistemler-platformu\backend\dist\debug-query.d.ts"
"13.03.2026 17:16:57","C:\Users\sk36\.gemini\antigravity\scratch\icsistemler-platformu\backend\dist\debug-query.js"
"13.03.2026 17:16:57","C:\Users\sk36\.gemini\antigravity\scratch\icsistemler-platformu\backend\dist\debug-query.js.map"
"13.03.2026 17:16:56","C:\Users\sk36\.gemini\antigravity\scratch\icsistemler-platformu\backend\dist\debug-ethics.d.ts"
"13.03.2026 17:16:56","C:\Users\sk36\.gemini\antigravity\scratch\icsistemler-platformu\backend\dist\debug-ethics.js"
"13.03.2026 17:16:56","C:\Users\sk36\.gemini\antigravity\scratch\icsistemler-platformu\backend\dist\debug-ethics.js.map"
"13.03.2026 17:16:56","C:\Users\sk36\.gemini\antigravity\scratch\icsistemler-platformu\backend\dist\src\app.module.d.ts"
"13.03.2026 17:16:56","C:\Users\sk36\.gemini\antigravity\scratch\icsistemler-platformu\backend\dist\src\app.module.js"
"13.03.2026 17:16:56","C:\Users\sk36\.gemini\antigravity\scratch\icsistemler-platformu\backend\dist\src\app.module.js.map"
"13.03.2026 17:16:56","C:\Users\sk36\.gemini\antigravity\scratch\icsistemler-platformu\backend\dist\src\organization\organization.module.d.ts"
"13.03.2026 17:16:56","C:\Users\sk36\.gemini\antigravity\scratch\icsistemler-platformu\backend\dist\src\organization\organization.module.js"
"13.03.2026 17:16:56","C:\Users\sk36\.gemini\antigravity\scratch\icsistemler-platformu\backend\dist\src\organization\organization.module.js.map"
"13.03.2026 17:16:56","C:\Users\sk36\.gemini\antigravity\scratch\icsistemler-platformu\backend\dist\src\organization\organization.controller.d.ts"
"13.03.2026 17:16:56","C:\Users\sk36\.gemini\antigravity\scratch\icsistemler-platformu\backend\dist\src\organization\organization.controller.js"
"13.03.2026 17:16:56","C:\Users\sk36\.gemini\antigravity\scratch\icsistemler-platformu\backend\dist\src\organization\organization.controller.js.map"
"13.03.2026 17:16:56","C:\Users\sk36\.gemini\antigravity\scratch\icsistemler-platformu\backend\dist\src\organization\organization.service.d.ts"
"13.03.2026 17:16:56","C:\Users\sk36\.gemini\antigravity\scratch\icsistemler-platformu\backend\dist\src\organization\organization.service.js"
"13.03.2026 17:16:56","C:\Users\sk36\.gemini\antigravity\scratch\icsistemler-platformu\backend\dist\src\organization\organization.service.js.map"
"13.03.2026 17:16:56","C:\Users\sk36\.gemini\antigravity\scratch\icsistemler-platformu\backend\dist\src\admin\admin.module.d.ts"
"13.03.2026 17:16:56","C:\Users\sk36\.gemini\antigravity\scratch\icsistemler-platformu\backend\dist\src\admin\admin.module.js"
"13.03.2026 17:16:56","C:\Users\sk36\.gemini\antigravity\scratch\icsistemler-platformu\backend\dist\src\admin\admin.module.js.map"
"13.03.2026 17:16:56","C:\Users\sk36\.gemini\antigravity\scratch\icsistemler-platformu\backend\dist\src\admin\admin.controller.d.ts"
"13.03.2026 17:16:56","C:\Users\sk36\.gemini\antigravity\scratch\icsistemler-platformu\backend\dist\src\admin\admin.controller.js"
"13.03.2026 17:16:56","C:\Users\sk36\.gemini\antigravity\scratch\icsistemler-platformu\backend\dist\src\admin\admin.controller.js.map"
"13.03.2026 17:16:56","C:\Users\sk36\.gemini\antigravity\scratch\icsistemler-platformu\backend\dist\src\admin\admin.service.d.ts"
"13.03.2026 17:16:56","C:\Users\sk36\.gemini\antigravity\scratch\icsistemler-platformu\backend\dist\src\admin\admin.service.js"
"13.03.2026 17:16:56","C:\Users\sk36\.gemini\antigravity\scratch\icsistemler-platformu\backend\dist\src\admin\admin.service.js.map"
"13.03.2026 17:16:56","C:\Users\sk36\.gemini\antigravity\scratch\icsistemler-platformu\backend\dist\src\documents\documents.module.d.ts"
"13.03.2026 17:16:56","C:\Users\sk36\.gemini\antigravity\scratch\icsistemler-platformu\backend\dist\src\documents\documents.module.js"
"13.03.2026 17:16:56","C:\Users\sk36\.gemini\antigravity\scratch\icsistemler-platformu\backend\dist\src\documents\documents.module.js.map"
"13.03.2026 17:16:56","C:\Users\sk36\.gemini\antigravity\scratch\icsistemler-platformu\backend\dist\src\documents\documents.controller.d.ts"
"13.03.2026 17:16:56","C:\Users\sk36\.gemini\antigravity\scratch\icsistemler-platformu\backend\dist\src\documents\documents.controller.js"
"13.03.2026 17:16:56","C:\Users\sk36\.gemini\antigravity\scratch\icsistemler-platformu\backend\dist\src\documents\documents.controller.js.map"
"13.03.2026 17:16:56","C:\Users\sk36\.gemini\antigravity\scratch\icsistemler-platformu\backend\dist\src\documents\documents.service.d.ts"
"13.03.2026 17:16:56","C:\Users\sk36\.gemini\antigravity\scratch\icsistemler-platformu\backend\dist\src\documents\documents.service.js"
"13.03.2026 17:16:56","C:\Users\sk36\.gemini\antigravity\scratch\icsistemler-platformu\backend\dist\src\documents\documents.service.js.map"
"13.03.2026 17:16:56","C:\Users\sk36\.gemini\antigravity\scratch\icsistemler-platformu\backend\dist\src\auth\auth.module.d.ts"
"13.03.2026 17:16:56","C:\Users\sk36\.gemini\antigravity\scratch\icsistemler-platformu\backend\dist\src\auth\auth.module.js"
"13.03.2026 17:16:56","C:\Users\sk36\.gemini\antigravity\scratch\icsistemler-platformu\backend\dist\src\auth\auth.module.js.map"
"13.03.2026 17:16:56","C:\Users\sk36\.gemini\antigravity\scratch\icsistemler-platformu\backend\dist\src\auth\jwt.strategy.d.ts"
"13.03.2026 17:16:56","C:\Users\sk36\.gemini\antigravity\scratch\icsistemler-platformu\backend\dist\src\auth\jwt.strategy.js.map"
"13.03.2026 17:16:56","C:\Users\sk36\.gemini\antigravity\scratch\icsistemler-platformu\backend\dist\src\auth\jwt.strategy.js"
"13.03.2026 17:16:56","C:\Users\sk36\.gemini\antigravity\scratch\icsistemler-platformu\backend\dist\src\auth\auth.controller.d.ts"
"13.03.2026 17:16:56","C:\Users\sk36\.gemini\antigravity\scratch\icsistemler-platformu\backend\dist\src\auth\auth.controller.js"
"13.03.2026 17:16:56","C:\Users\sk36\.gemini\antigravity\scratch\icsistemler-platformu\backend\dist\src\auth\auth.controller.js.map"
"13.03.2026 17:16:56","C:\Users\sk36\.gemini\antigravity\scratch\icsistemler-platformu\backend\dist\src\auth\dto\refresh-token.dto.d.ts"
"13.03.2026 17:16:56","C:\Users\sk36\.gemini\antigravity\scratch\icsistemler-platformu\backend\dist\src\auth\dto\refresh-token.dto.js"
"13.03.2026 17:16:56","C:\Users\sk36\.gemini\antigravity\scratch\icsistemler-platformu\backend\dist\src\auth\dto\refresh-token.dto.js.map"
"13.03.2026 17:16:56","C:\Users\sk36\.gemini\antigravity\scratch\icsistemler-platformu\backend\dist\src\auth\auth.service.d.ts"
"13.03.2026 17:16:56","C:\Users\sk36\.gemini\antigravity\scratch\icsistemler-platformu\backend\dist\src\auth\auth.service.js"
"13.03.2026 17:16:56","C:\Users\sk36\.gemini\antigravity\scratch\icsistemler-platformu\backend\dist\src\auth\auth.service.js.map"
"13.03.2026 17:16:56","C:\Users\sk36\.gemini\antigravity\scratch\icsistemler-platformu\backend\dist\src\auth\jwt.constants.d.ts"
"13.03.2026 17:16:56","C:\Users\sk36\.gemini\antigravity\scratch\icsistemler-platformu\backend\dist\src\auth\jwt.constants.js"
"13.03.2026 17:16:56","C:\Users\sk36\.gemini\antigravity\scratch\icsistemler-platformu\backend\dist\src\auth\jwt.constants.js.map"
"13.03.2026 17:16:56","C:\Users\sk36\.gemini\antigravity\scratch\icsistemler-platformu\backend\dist\src\auth\user.service.d.ts"
"13.03.2026 17:16:56","C:\Users\sk36\.gemini\antigravity\scratch\icsistemler-platformu\backend\dist\src\auth\user.service.js"
"13.03.2026 17:16:56","C:\Users\sk36\.gemini\antigravity\scratch\icsistemler-platformu\backend\dist\src\auth\user.service.js.map"
"13.03.2026 17:16:56","C:\Users\sk36\.gemini\antigravity\scratch\icsistemler-platformu\backend\dist\src\auth\dto\login.dto.d.ts"
"13.03.2026 17:16:56","C:\Users\sk36\.gemini\antigravity\scratch\icsistemler-platformu\backend\dist\src\auth\dto\login.dto.js"
"13.03.2026 17:16:56","C:\Users\sk36\.gemini\antigravity\scratch\icsistemler-platformu\backend\dist\src\auth\dto\login.dto.js.map"
"13.03.2026 17:16:56","C:\Users\sk36\.gemini\antigravity\scratch\icsistemler-platformu\backend\dist\src\sanction\sanction.module.d.ts"
"13.03.2026 17:16:56","C:\Users\sk36\.gemini\antigravity\scratch\icsistemler-platformu\backend\dist\src\sanction\sanction.module.js"
"13.03.2026 17:16:56","C:\Users\sk36\.gemini\antigravity\scratch\icsistemler-platformu\backend\dist\src\sanction\sanction.module.js.map"
"13.03.2026 17:16:56","C:\Users\sk36\.gemini\antigravity\scratch\icsistemler-platformu\backend\dist\src\sanction\sanction.controller.d.ts"
"13.03.2026 17:16:56","C:\Users\sk36\.gemini\antigravity\scratch\icsistemler-platformu\backend\dist\src\sanction\sanction.controller.js"
"13.03.2026 17:16:56","C:\Users\sk36\.gemini\antigravity\scratch\icsistemler-platformu\backend\dist\src\sanction\sanction.controller.js.map"
"13.03.2026 17:16:56","C:\Users\sk36\.gemini\antigravity\scratch\icsistemler-platformu\backend\dist\src\sanction\sanction.service.d.ts"
"13.03.2026 17:16:56","C:\Users\sk36\.gemini\antigravity\scratch\icsistemler-platformu\backend\dist\src\sanction\sanction.service.js"
"13.03.2026 17:16:56","C:\Users\sk36\.gemini\antigravity\scratch\icsistemler-platformu\backend\dist\src\sanction\sanction.service.js.map"
"13.03.2026 17:16:56","C:\Users\sk36\.gemini\antigravity\scratch\icsistemler-platformu\backend\dist\src\audit\audit.module.d.ts"
"13.03.2026 17:16:56","C:\Users\sk36\.gemini\antigravity\scratch\icsistemler-platformu\backend\dist\src\audit\audit.module.js"
"13.03.2026 17:16:56","C:\Users\sk36\.gemini\antigravity\scratch\icsistemler-platformu\backend\dist\src\audit\audit.module.js.map"
"13.03.2026 17:16:56","C:\Users\sk36\.gemini\antigravity\scratch\icsistemler-platformu\backend\dist\src\audit\escalation.service.d.ts"
"13.03.2026 17:16:56","C:\Users\sk36\.gemini\antigravity\scratch\icsistemler-platformu\backend\dist\src\audit\escalation.service.js"
"13.03.2026 17:16:56","C:\Users\sk36\.gemini\antigravity\scratch\icsistemler-platformu\backend\dist\src\audit\escalation.service.js.map"
"13.03.2026 17:16:56","C:\Users\sk36\.gemini\antigravity\scratch\icsistemler-platformu\backend\dist\src\audit\data-retention.service.d.ts"
"13.03.2026 17:16:56","C:\Users\sk36\.gemini\antigravity\scratch\icsistemler-platformu\backend\dist\src\audit\data-retention.service.js"
"13.03.2026 17:16:56","C:\Users\sk36\.gemini\antigravity\scratch\icsistemler-platformu\backend\dist\src\audit\data-retention.service.js.map"
"13.03.2026 17:16:56","C:\Users\sk36\.gemini\antigravity\scratch\icsistemler-platformu\backend\dist\src\audit\cron.service.d.ts"
"13.03.2026 17:16:56","C:\Users\sk36\.gemini\antigravity\scratch\icsistemler-platformu\backend\dist\src\audit\cron.service.js"
"13.03.2026 17:16:56","C:\Users\sk36\.gemini\antigravity\scratch\icsistemler-platformu\backend\dist\src\audit\cron.service.js.map"
"13.03.2026 17:16:56","C:\Users\sk36\.gemini\antigravity\scratch\icsistemler-platformu\backend\dist\src\auditron\auditron.module.d.ts"
"13.03.2026 17:16:56","C:\Users\sk36\.gemini\antigravity\scratch\icsistemler-platformu\backend\dist\src\auditron\auditron.module.js"
"13.03.2026 17:16:56","C:\Users\sk36\.gemini\antigravity\scratch\icsistemler-platformu\backend\dist\src\auditron\auditron.module.js.map"
"13.03.2026 17:16:56","C:\Users\sk36\.gemini\antigravity\scratch\icsistemler-platformu\backend\dist\src\auditron\auditron.controller.d.ts"
"13.03.2026 17:16:56","C:\Users\sk36\.gemini\antigravity\scratch\icsistemler-platformu\backend\dist\src\auditron\auditron.controller.js"
"13.03.2026 17:16:56","C:\Users\sk36\.gemini\antigravity\scratch\icsistemler-platformu\backend\dist\src\auditron\auditron.controller.js.map"
"13.03.2026 17:16:56","C:\Users\sk36\.gemini\antigravity\scratch\icsistemler-platformu\backend\dist\src\email\email.module.d.ts"
"13.03.2026 17:16:56","C:\Users\sk36\.gemini\antigravity\scratch\icsistemler-platformu\backend\dist\src\email\email.module.js"
"13.03.2026 17:16:56","C:\Users\sk36\.gemini\antigravity\scratch\icsistemler-platformu\backend\dist\src\email\email.module.js.map"
"13.03.2026 17:16:56","C:\Users\sk36\.gemini\antigravity\scratch\icsistemler-platformu\backend\dist\src\email\imap.service.d.ts"
"13.03.2026 17:16:56","C:\Users\sk36\.gemini\antigravity\scratch\icsistemler-platformu\backend\dist\src\email\imap.service.js"
"13.03.2026 17:16:56","C:\Users\sk36\.gemini\antigravity\scratch\icsistemler-platformu\backend\dist\src\email\imap.service.js.map"
"13.03.2026 17:16:56","C:\Users\sk36\.gemini\antigravity\scratch\icsistemler-platformu\backend\dist\src\audit\ethics.controller.d.ts"
"13.03.2026 17:16:56","C:\Users\sk36\.gemini\antigravity\scratch\icsistemler-platformu\backend\dist\src\audit\ethics.controller.js"
"13.03.2026 17:16:56","C:\Users\sk36\.gemini\antigravity\scratch\icsistemler-platformu\backend\dist\src\audit\ethics.controller.js.map"
"13.03.2026 17:16:56","C:\Users\sk36\.gemini\antigravity\scratch\icsistemler-platformu\backend\dist\src\audit\ethics.service.d.ts"
"13.03.2026 17:16:56","C:\Users\sk36\.gemini\antigravity\scratch\icsistemler-platformu\backend\dist\src\audit\ethics.service.js"
"13.03.2026 17:16:56","C:\Users\sk36\.gemini\antigravity\scratch\icsistemler-platformu\backend\dist\src\audit\ethics.service.js.map"
"13.03.2026 17:16:55","C:\Users\sk36\.gemini\antigravity\scratch\icsistemler-platformu\backend\dist\src\audit\workpaper-template.controller.d.ts"
"13.03.2026 17:16:55","C:\Users\sk36\.gemini\antigravity\scratch\icsistemler-platformu\backend\dist\src\audit\workpaper-template.controller.js"
"13.03.2026 17:16:55","C:\Users\sk36\.gemini\antigravity\scratch\icsistemler-platformu\backend\dist\src\audit\workpaper-template.controller.js.map"
"13.03.2026 17:16:55","C:\Users\sk36\.gemini\antigravity\scratch\icsistemler-platformu\backend\dist\src\audit\workpaper-template.service.d.ts"
"13.03.2026 17:16:55","C:\Users\sk36\.gemini\antigravity\scratch\icsistemler-platformu\backend\dist\src\audit\workpaper-template.service.js"
"13.03.2026 17:16:55","C:\Users\sk36\.gemini\antigravity\scratch\icsistemler-platformu\backend\dist\src\audit\workpaper-template.service.js.map"
"13.03.2026 17:16:55","C:\Users\sk36\.gemini\antigravity\scratch\icsistemler-platformu\backend\dist\src\audit\multi-year-plan.controller.d.ts"
"13.03.2026 17:16:55","C:\Users\sk36\.gemini\antigravity\scratch\icsistemler-platformu\backend\dist\src\audit\multi-year-plan.controller.js"
"13.03.2026 17:16:55","C:\Users\sk36\.gemini\antigravity\scratch\icsistemler-platformu\backend\dist\src\audit\multi-year-plan.controller.js.map"
"13.03.2026 17:16:55","C:\Users\sk36\.gemini\antigravity\scratch\icsistemler-platformu\backend\dist\src\audit\multi-year-plan.service.d.ts"
"13.03.2026 17:16:55","C:\Users\sk36\.gemini\antigravity\scratch\icsistemler-platformu\backend\dist\src\audit\multi-year-plan.service.js"
"13.03.2026 17:16:55","C:\Users\sk36\.gemini\antigravity\scratch\icsistemler-platformu\backend\dist\src\audit\multi-year-plan.service.js.map"
"13.03.2026 17:16:55","C:\Users\sk36\.gemini\antigravity\scratch\icsistemler-platformu\backend\dist\src\audit\sampling.controller.d.ts"
"13.03.2026 17:16:55","C:\Users\sk36\.gemini\antigravity\scratch\icsistemler-platformu\backend\dist\src\audit\sampling.controller.js"
"13.03.2026 17:16:55","C:\Users\sk36\.gemini\antigravity\scratch\icsistemler-platformu\backend\dist\src\audit\sampling.controller.js.map"
"13.03.2026 17:16:55","C:\Users\sk36\.gemini\antigravity\scratch\icsistemler-platformu\backend\dist\src\audit\sampling.service.d.ts"
"13.03.2026 17:16:55","C:\Users\sk36\.gemini\antigravity\scratch\icsistemler-platformu\backend\dist\src\audit\sampling.service.js"
"13.03.2026 17:16:55","C:\Users\sk36\.gemini\antigravity\scratch\icsistemler-platformu\backend\dist\src\audit\sampling.service.js.map"
"13.03.2026 17:16:55","C:\Users\sk36\.gemini\antigravity\scratch\icsistemler-platformu\backend\dist\src\audit\independence.controller.d.ts"
"13.03.2026 17:16:55","C:\Users\sk36\.gemini\antigravity\scratch\icsistemler-platformu\backend\dist\src\audit\independence.controller.js"
"13.03.2026 17:16:55","C:\Users\sk36\.gemini\antigravity\scratch\icsistemler-platformu\backend\dist\src\audit\independence.controller.js.map"
"13.03.2026 17:16:55","C:\Users\sk36\.gemini\antigravity\scratch\icsistemler-platformu\backend\dist\src\audit\independence.service.d.ts"
"13.03.2026 17:16:55","C:\Users\sk36\.gemini\antigravity\scratch\icsistemler-platformu\backend\dist\src\audit\independence.service.js"
"13.03.2026 17:16:55","C:\Users\sk36\.gemini\antigravity\scratch\icsistemler-platformu\backend\dist\src\audit\independence.service.js.map"
"13.03.2026 17:16:55","C:\Users\sk36\.gemini\antigravity\scratch\icsistemler-platformu\backend\dist\src\audit\quality.controller.d.ts"
"13.03.2026 17:16:55","C:\Users\sk36\.gemini\antigravity\scratch\icsistemler-platformu\backend\dist\src\audit\quality.controller.js.map"
"13.03.2026 17:16:55","C:\Users\sk36\.gemini\antigravity\scratch\icsistemler-platformu\backend\dist\src\audit\quality.controller.js"
"13.03.2026 17:16:55","C:\Users\sk36\.gemini\antigravity\scratch\icsistemler-platformu\backend\dist\src\audit\quality.service.d.ts"
"13.03.2026 17:16:55","C:\Users\sk36\.gemini\antigravity\scratch\icsistemler-platformu\backend\dist\src\audit\quality.service.js"
"13.03.2026 17:16:55","C:\Users\sk36\.gemini\antigravity\scratch\icsistemler-platformu\backend\dist\src\audit\quality.service.js.map"
"13.03.2026 17:16:55","C:\Users\sk36\.gemini\antigravity\scratch\icsistemler-platformu\backend\dist\src\audit\workpaper.controller.d.ts"
"13.03.2026 17:16:55","C:\Users\sk36\.gemini\antigravity\scratch\icsistemler-platformu\backend\dist\src\audit\workpaper.controller.js"
"13.03.2026 17:16:55","C:\Users\sk36\.gemini\antigravity\scratch\icsistemler-platformu\backend\dist\src\audit\workpaper.controller.js.map"
"13.03.2026 17:16:55","C:\Users\sk36\.gemini\antigravity\scratch\icsistemler-platformu\backend\dist\src\audit\workpaper.service.d.ts"
"13.03.2026 17:16:55","C:\Users\sk36\.gemini\antigravity\scratch\icsistemler-platformu\backend\dist\src\audit\workpaper.service.js"
"13.03.2026 17:16:55","C:\Users\sk36\.gemini\antigravity\scratch\icsistemler-platformu\backend\dist\src\audit\workpaper.service.js.map"
"13.03.2026 17:16:55","C:\Users\sk36\.gemini\antigravity\scratch\icsistemler-platformu\backend\dist\src\audit\timesheet.controller.d.ts"
"13.03.2026 17:16:55","C:\Users\sk36\.gemini\antigravity\scratch\icsistemler-platformu\backend\dist\src\audit\timesheet.controller.js"
"13.03.2026 17:16:55","C:\Users\sk36\.gemini\antigravity\scratch\icsistemler-platformu\backend\dist\src\audit\timesheet.controller.js.map"
"13.03.2026 17:16:55","C:\Users\sk36\.gemini\antigravity\scratch\icsistemler-platformu\backend\dist\src\audit\timesheet.service.d.ts"
"13.03.2026 17:16:55","C:\Users\sk36\.gemini\antigravity\scratch\icsistemler-platformu\backend\dist\src\audit\timesheet.service.js"
"13.03.2026 17:16:55","C:\Users\sk36\.gemini\antigravity\scratch\icsistemler-platformu\backend\dist\src\audit\timesheet.service.js.map"
"13.03.2026 17:16:55","C:\Users\sk36\.gemini\antigravity\scratch\icsistemler-platformu\backend\dist\src\audit\audit.controller.d.ts"
"13.03.2026 17:16:54","C:\Users\sk36\.gemini\antigravity\scratch\icsistemler-platformu\backend\dist\src\audit\audit.controller.js"
"13.03.2026 17:16:54","C:\Users\sk36\.gemini\antigravity\scratch\icsistemler-platformu\backend\dist\src\audit\audit.controller.js.map"
"13.03.2026 17:16:54","C:\Users\sk36\.gemini\antigravity\scratch\icsistemler-platformu\backend\dist\src\audit\dto\audit-extension.dto.d.ts"
"13.03.2026 17:16:54","C:\Users\sk36\.gemini\antigravity\scratch\icsistemler-platformu\backend\dist\src\audit\dto\audit-extension.dto.js"
"13.03.2026 17:16:54","C:\Users\sk36\.gemini\antigravity\scratch\icsistemler-platformu\backend\dist\src\audit\dto\audit-extension.dto.js.map"
"13.03.2026 17:16:54","C:\Users\sk36\.gemini\antigravity\scratch\icsistemler-platformu\backend\dist\src\audit\dto\finding.dto.d.ts"
"13.03.2026 17:16:54","C:\Users\sk36\.gemini\antigravity\scratch\icsistemler-platformu\backend\dist\src\audit\dto\finding.dto.js"
"13.03.2026 17:16:54","C:\Users\sk36\.gemini\antigravity\scratch\icsistemler-platformu\frontend\.next\cache\webpack\server-development\11.pack.gz"
"13.03.2026 17:16:54","C:\Users\sk36\.gemini\antigravity\scratch\icsistemler-platformu\backend\dist\src\audit\dto\finding.dto.js.map"
"13.03.2026 17:16:54","C:\Users\sk36\.gemini\antigravity\scratch\icsistemler-platformu\backend\dist\src\audit\dto\audit.dto.d.ts"
"13.03.2026 17:16:54","C:\Users\sk36\.gemini\antigravity\scratch\icsistemler-platformu\backend\dist\src\audit\dto\audit.dto.js"
"13.03.2026 17:16:54","C:\Users\sk36\.gemini\antigravity\scratch\icsistemler-platformu\backend\dist\src\audit\dto\audit.dto.js.map"
"13.03.2026 17:16:54","C:\Users\sk36\.gemini\antigravity\scratch\icsistemler-platformu\backend\dist\src\audit\report-generator.service.d.ts"
"13.03.2026 17:16:54","C:\Users\sk36\.gemini\antigravity\scratch\icsistemler-platformu\backend\dist\src\audit\report-generator.service.js"
"13.03.2026 17:16:54","C:\Users\sk36\.gemini\antigravity\scratch\icsistemler-platformu\backend\dist\src\audit\report-generator.service.js.map"
"13.03.2026 17:16:54","C:\Users\sk36\.gemini\antigravity\scratch\icsistemler-platformu\backend\dist\src\audit\audit.service.d.ts"
"13.03.2026 17:16:54","C:\Users\sk36\.gemini\antigravity\scratch\icsistemler-platformu\frontend\.next\cache\webpack\server-development\40.pack.gz"
"13.03.2026 17:16:54","C:\Users\sk36\.gemini\antigravity\scratch\icsistemler-platformu\backend\dist\src\audit\audit.service.js"
"13.03.2026 17:16:54","C:\Users\sk36\.gemini\antigravity\scratch\icsistemler-platformu\backend\dist\src\audit\audit.service.js.map"
"13.03.2026 17:16:54","C:\Users\sk36\.gemini\antigravity\scratch\icsistemler-platformu\frontend\.next\cache\webpack\server-development\6.pack.gz"
"13.03.2026 17:16:54","C:\Users\sk36\.gemini\antigravity\scratch\icsistemler-platformu\frontend\.next\static\chunks\main-app.js"
"13.03.2026 17:16:54","C:\Users\sk36\.gemini\antigravity\scratch\icsistemler-platformu\frontend\.next\static\chunks\app-pages-internals.js"
"13.03.2026 17:16:54","C:\Users\sk36\.gemini\antigravity\scratch\icsistemler-platformu\frontend\.next\static\chunks\app\login\page.js"
"13.03.2026 17:16:54","C:\Users\sk36\.gemini\antigravity\scratch\icsistemler-platformu\frontend\.next\static\webpack\633457081244afec._.hot-update.json"
"13.03.2026 17:16:54","C:\Users\sk36\.gemini\antigravity\scratch\icsistemler-platformu\frontend\.next\static\media\29e7bbdce9332268-s.woff2"
"13.03.2026 17:16:54","C:\Users\sk36\.gemini\antigravity\scratch\icsistemler-platformu\frontend\.next\static\media\29a4aea02fdee119-s.woff2"
"13.03.2026 17:16:54","C:\Users\sk36\.gemini\antigravity\scratch\icsistemler-platformu\frontend\.next\static\media\6c177e25b87fd9cd-s.woff2"
"13.03.2026 17:16:54","C:\Users\sk36\.gemini\antigravity\scratch\icsistemler-platformu\frontend\.next\static\media\f10b8e9d91f3edcb-s.woff2"
"13.03.2026 17:16:54","C:\Users\sk36\.gemini\antigravity\scratch\icsistemler-platformu\frontend\.next\static\media\034d78ad42e9620c-s.woff2"
"13.03.2026 17:16:54","C:\Users\sk36\.gemini\antigravity\scratch\icsistemler-platformu\frontend\.next\static\media\0484562807a97172-s.p.woff2"
"13.03.2026 17:16:54","C:\Users\sk36\.gemini\antigravity\scratch\icsistemler-platformu\frontend\.next\static\media\fe0777f1195381cb-s.woff2"
"13.03.2026 17:16:54","C:\Users\sk36\.gemini\antigravity\scratch\icsistemler-platformu\frontend\.next\static\media\a1386beebedccca4-s.woff2"
"13.03.2026 17:16:54","C:\Users\sk36\.gemini\antigravity\scratch\icsistemler-platformu\frontend\.next\static\media\8888a3826f4a3af4-s.p.woff2"
"13.03.2026 17:16:54","C:\Users\sk36\.gemini\antigravity\scratch\icsistemler-platformu\frontend\.next\static\media\c3bc380753a8436c-s.woff2"
"13.03.2026 17:16:54","C:\Users\sk36\.gemini\antigravity\scratch\icsistemler-platformu\frontend\.next\static\media\b957ea75a84b6ea7-s.p.woff2"
"13.03.2026 17:16:54","C:\Users\sk36\.gemini\antigravity\scratch\icsistemler-platformu\frontend\.next\static\media\6c9a125e97d835e1-s.woff2"
"13.03.2026 17:16:54","C:\Users\sk36\.gemini\antigravity\scratch\icsistemler-platformu\frontend\.next\static\media\db911767852bc875-s.woff2"
"13.03.2026 17:16:54","C:\Users\sk36\.gemini\antigravity\scratch\icsistemler-platformu\frontend\.next\static\media\eafabf029ad39a43-s.p.woff2"
"13.03.2026 17:16:54","C:\Users\sk36\.gemini\antigravity\scratch\icsistemler-platformu\frontend\.next\static\media\4c285fdca692ea22-s.p.woff2"
"13.03.2026 17:16:54","C:\Users\sk36\.gemini\antigravity\scratch\icsistemler-platformu\backend\dist\src\audit\audit-trash.service.d.ts"
"13.03.2026 17:16:54","C:\Users\sk36\.gemini\antigravity\scratch\icsistemler-platformu\backend\dist\src\audit\audit-trash.service.js"
"13.03.2026 17:16:54","C:\Users\sk36\.gemini\antigravity\scratch\icsistemler-platformu\backend\dist\src\audit\audit-trash.service.js.map"
"13.03.2026 17:16:54","C:\Users\sk36\.gemini\antigravity\scratch\icsistemler-platformu\backend\dist\src\audit\finding.service.d.ts"
"13.03.2026 17:16:54","C:\Users\sk36\.gemini\antigravity\scratch\icsistemler-platformu\backend\dist\src\audit\finding.service.js"
"13.03.2026 17:16:54","C:\Users\sk36\.gemini\antigravity\scratch\icsistemler-platformu\backend\dist\src\audit\finding.service.js.map"
"13.03.2026 17:16:54","C:\Users\sk36\.gemini\antigravity\scratch\icsistemler-platformu\backend\dist\src\audit\audit-risk.service.d.ts"
"13.03.2026 17:16:54","C:\Users\sk36\.gemini\antigravity\scratch\icsistemler-platformu\backend\dist\src\audit\audit-risk.service.js"
"13.03.2026 17:16:54","C:\Users\sk36\.gemini\antigravity\scratch\icsistemler-platformu\backend\dist\src\audit\audit-risk.service.js.map"
"13.03.2026 17:16:54","C:\Users\sk36\.gemini\antigravity\scratch\icsistemler-platformu\backend\dist\src\audit\audit-log.service.d.ts"
"13.03.2026 17:16:54","C:\Users\sk36\.gemini\antigravity\scratch\icsistemler-platformu\backend\dist\src\audit\audit-log.service.js"
"13.03.2026 17:16:54","C:\Users\sk36\.gemini\antigravity\scratch\icsistemler-platformu\backend\dist\src\audit\audit-log.service.js.map"
"13.03.2026 17:16:54","C:\Users\sk36\.gemini\antigravity\scratch\icsistemler-platformu\backend\dist\src\auditron\auditron.service.d.ts"
"13.03.2026 17:16:54","C:\Users\sk36\.gemini\antigravity\scratch\icsistemler-platformu\backend\dist\src\auditron\auditron.service.js"
"13.03.2026 17:16:54","C:\Users\sk36\.gemini\antigravity\scratch\icsistemler-platformu\backend\dist\src\auditron\auditron.service.js.map"
"13.03.2026 17:16:54","C:\Users\sk36\.gemini\antigravity\scratch\icsistemler-platformu\backend\dist\src\email\email.service.d.ts"
"13.03.2026 17:16:53","C:\Users\sk36\.gemini\antigravity\scratch\icsistemler-platformu\backend\dist\src\email\email.service.js"
"13.03.2026 17:16:53","C:\Users\sk36\.gemini\antigravity\scratch\icsistemler-platformu\backend\dist\src\email\email.service.js.map"
"13.03.2026 17:16:53","C:\Users\sk36\.gemini\antigravity\scratch\icsistemler-platformu\backend\dist\src\liquidity-stress\liquidity-stress.module.d.ts"
"13.03.2026 17:16:53","C:\Users\sk36\.gemini\antigravity\scratch\icsistemler-platformu\backend\dist\src\liquidity-stress\liquidity-stress.module.js"
"13.03.2026 17:16:53","C:\Users\sk36\.gemini\antigravity\scratch\icsistemler-platformu\backend\dist\src\liquidity-stress\liquidity-stress.module.js.map"
"13.03.2026 17:16:53","C:\Users\sk36\.gemini\antigravity\scratch\icsistemler-platformu\backend\dist\src\liquidity-stress\liquidity-stress.controller.d.ts"
"13.03.2026 17:16:53","C:\Users\sk36\.gemini\antigravity\scratch\icsistemler-platformu\backend\dist\src\liquidity-stress\liquidity-stress.controller.js"
"13.03.2026 17:16:53","C:\Users\sk36\.gemini\antigravity\scratch\icsistemler-platformu\backend\dist\src\liquidity-stress\liquidity-stress.controller.js.map"
"13.03.2026 17:16:53","C:\Users\sk36\.gemini\antigravity\scratch\icsistemler-platformu\backend\dist\src\liquidity-stress\liquidity-stress.service.d.ts"
"13.03.2026 17:16:53","C:\Users\sk36\.gemini\antigravity\scratch\icsistemler-platformu\backend\dist\src\liquidity-stress\liquidity-stress.service.js"
"13.03.2026 17:16:53","C:\Users\sk36\.gemini\antigravity\scratch\icsistemler-platformu\backend\dist\src\liquidity-stress\liquidity-stress.service.js.map"
"13.03.2026 17:16:53","C:\Users\sk36\.gemini\antigravity\scratch\icsistemler-platformu\backend\dist\src\api\api.module.d.ts"
"13.03.2026 17:16:53","C:\Users\sk36\.gemini\antigravity\scratch\icsistemler-platformu\backend\dist\src\api\api.module.js"
"13.03.2026 17:16:53","C:\Users\sk36\.gemini\antigravity\scratch\icsistemler-platformu\backend\dist\src\api\api.module.js.map"
"13.03.2026 17:16:53","C:\Users\sk36\.gemini\antigravity\scratch\icsistemler-platformu\backend\dist\src\api\contract.controller.d.ts"
"13.03.2026 17:16:53","C:\Users\sk36\.gemini\antigravity\scratch\icsistemler-platformu\backend\dist\src\api\contract.controller.js"
"13.03.2026 17:16:53","C:\Users\sk36\.gemini\antigravity\scratch\icsistemler-platformu\backend\dist\src\api\contract.controller.js.map"
"13.03.2026 17:16:53","C:\Users\sk36\.gemini\antigravity\scratch\icsistemler-platformu\backend\dist\src\api\projection.controller.d.ts"
"13.03.2026 17:16:53","C:\Users\sk36\.gemini\antigravity\scratch\icsistemler-platformu\backend\dist\src\api\projection.controller.js"
"13.03.2026 17:16:53","C:\Users\sk36\.gemini\antigravity\scratch\icsistemler-platformu\backend\dist\src\api\projection.controller.js.map"
"13.03.2026 17:16:53","C:\Users\sk36\.gemini\antigravity\scratch\icsistemler-platformu\backend\dist\src\api\risk.controller.d.ts"
"13.03.2026 17:16:53","C:\Users\sk36\.gemini\antigravity\scratch\icsistemler-platformu\backend\dist\src\api\risk.controller.js"
"13.03.2026 17:16:53","C:\Users\sk36\.gemini\antigravity\scratch\icsistemler-platformu\backend\dist\src\api\risk.controller.js.map"
"13.03.2026 17:16:53","C:\Users\sk36\.gemini\antigravity\scratch\icsistemler-platformu\backend\dist\src\alert-system\alert-system.module.d.ts"
"13.03.2026 17:16:53","C:\Users\sk36\.gemini\antigravity\scratch\icsistemler-platformu\backend\dist\src\alert-system\alert-system.module.js"
"13.03.2026 17:16:53","C:\Users\sk36\.gemini\antigravity\scratch\icsistemler-platformu\backend\dist\src\alert-system\alert-system.module.js.map"
"13.03.2026 17:16:53","C:\Users\sk36\.gemini\antigravity\scratch\icsistemler-platformu\backend\dist\src\alert-system\alert.controller.d.ts"
"13.03.2026 17:16:53","C:\Users\sk36\.gemini\antigravity\scratch\icsistemler-platformu\backend\dist\src\alert-system\alert.controller.js"
"13.03.2026 17:16:53","C:\Users\sk36\.gemini\antigravity\scratch\icsistemler-platformu\backend\dist\src\alert-system\alert.controller.js.map"
"13.03.2026 17:16:53","C:\Users\sk36\.gemini\antigravity\scratch\icsistemler-platformu\backend\dist\src\alert-system\alert.service.d.ts"
"13.03.2026 17:16:53","C:\Users\sk36\.gemini\antigravity\scratch\icsistemler-platformu\backend\dist\src\alert-system\alert.service.js"
"13.03.2026 17:16:53","C:\Users\sk36\.gemini\antigravity\scratch\icsistemler-platformu\backend\dist\src\alert-system\alert.service.js.map"
"13.03.2026 17:16:53","C:\Users\sk36\.gemini\antigravity\scratch\icsistemler-platformu\backend\dist\src\scenario-engine\scenario-engine.module.d.ts"
"13.03.2026 17:16:53","C:\Users\sk36\.gemini\antigravity\scratch\icsistemler-platformu\backend\dist\src\scenario-engine\scenario-engine.module.js"
"13.03.2026 17:16:53","C:\Users\sk36\.gemini\antigravity\scratch\icsistemler-platformu\backend\dist\src\scenario-engine\scenario-engine.module.js.map"
"13.03.2026 17:16:53","C:\Users\sk36\.gemini\antigravity\scratch\icsistemler-platformu\backend\dist\src\scenario-engine\scenario-engine.service.d.ts"
"13.03.2026 17:16:53","C:\Users\sk36\.gemini\antigravity\scratch\icsistemler-platformu\backend\dist\src\scenario-engine\scenario-engine.service.js"
"13.03.2026 17:16:53","C:\Users\sk36\.gemini\antigravity\scratch\icsistemler-platformu\backend\dist\src\scenario-engine\scenario-engine.service.js.map"
"13.03.2026 17:16:53","C:\Users\sk36\.gemini\antigravity\scratch\icsistemler-platformu\backend\dist\src\risk-engine\risk-engine.module.d.ts"
"13.03.2026 17:16:53","C:\Users\sk36\.gemini\antigravity\scratch\icsistemler-platformu\backend\dist\src\risk-engine\risk-engine.module.js"
"13.03.2026 17:16:53","C:\Users\sk36\.gemini\antigravity\scratch\icsistemler-platformu\backend\dist\src\risk-engine\risk-engine.module.js.map"
"13.03.2026 17:16:53","C:\Users\sk36\.gemini\antigravity\scratch\icsistemler-platformu\backend\dist\src\risk-engine\risk-engine.service.d.ts"
"13.03.2026 17:16:53","C:\Users\sk36\.gemini\antigravity\scratch\icsistemler-platformu\backend\dist\src\risk-engine\risk-engine.service.js"
"13.03.2026 17:16:53","C:\Users\sk36\.gemini\antigravity\scratch\icsistemler-platformu\backend\dist\src\risk-engine\risk-engine.service.js.map"
"13.03.2026 17:16:53","C:\Users\sk36\.gemini\antigravity\scratch\icsistemler-platformu\backend\dist\src\risk-engine\cancellation.calculator.d.ts"
"13.03.2026 17:16:53","C:\Users\sk36\.gemini\antigravity\scratch\icsistemler-platformu\backend\dist\src\risk-engine\cancellation.calculator.js"
"13.03.2026 17:16:53","C:\Users\sk36\.gemini\antigravity\scratch\icsistemler-platformu\backend\dist\src\risk-engine\cancellation.calculator.js.map"
"13.03.2026 17:16:53","C:\Users\sk36\.gemini\antigravity\scratch\icsistemler-platformu\backend\dist\src\risk-engine\dpd.calculator.d.ts"
"13.03.2026 17:16:53","C:\Users\sk36\.gemini\antigravity\scratch\icsistemler-platformu\backend\dist\src\risk-engine\dpd.calculator.js"
"13.03.2026 17:16:53","C:\Users\sk36\.gemini\antigravity\scratch\icsistemler-platformu\backend\dist\src\risk-engine\dpd.calculator.js.map"
"13.03.2026 17:16:53","C:\Users\sk36\.gemini\antigravity\scratch\icsistemler-platformu\backend\dist\src\risk-engine\concentration.calculator.d.ts"
"13.03.2026 17:16:53","C:\Users\sk36\.gemini\antigravity\scratch\icsistemler-platformu\backend\dist\src\risk-engine\concentration.calculator.js"
"13.03.2026 17:16:53","C:\Users\sk36\.gemini\antigravity\scratch\icsistemler-platformu\backend\dist\src\risk-engine\concentration.calculator.js.map"
"13.03.2026 17:16:53","C:\Users\sk36\.gemini\antigravity\scratch\icsistemler-platformu\backend\dist\src\risk-engine\delivery-pressure.calculator.d.ts"
"13.03.2026 17:16:53","C:\Users\sk36\.gemini\antigravity\scratch\icsistemler-platformu\backend\dist\src\risk-engine\delivery-pressure.calculator.js"
"13.03.2026 17:16:53","C:\Users\sk36\.gemini\antigravity\scratch\icsistemler-platformu\backend\dist\src\risk-engine\delivery-pressure.calculator.js.map"
"13.03.2026 17:16:53","C:\Users\sk36\.gemini\antigravity\scratch\icsistemler-platformu\backend\dist\src\risk-engine\liquidity.calculator.d.ts"
"13.03.2026 17:16:53","C:\Users\sk36\.gemini\antigravity\scratch\icsistemler-platformu\backend\dist\src\risk-engine\liquidity.calculator.js"
"13.03.2026 17:16:53","C:\Users\sk36\.gemini\antigravity\scratch\icsistemler-platformu\backend\dist\src\risk-engine\liquidity.calculator.js.map"
"13.03.2026 17:16:53","C:\Users\sk36\.gemini\antigravity\scratch\icsistemler-platformu\backend\dist\src\risk-engine\delivery-liability.calculator.d.ts"
"13.03.2026 17:16:53","C:\Users\sk36\.gemini\antigravity\scratch\icsistemler-platformu\backend\dist\src\risk-engine\delivery-liability.calculator.js"
"13.03.2026 17:16:53","C:\Users\sk36\.gemini\antigravity\scratch\icsistemler-platformu\backend\dist\src\risk-engine\delivery-liability.calculator.js.map"
"13.03.2026 17:16:53","C:\Users\sk36\.gemini\antigravity\scratch\icsistemler-platformu\backend\dist\src\risk-engine\npl.calculator.d.ts"
"13.03.2026 17:16:53","C:\Users\sk36\.gemini\antigravity\scratch\icsistemler-platformu\backend\dist\src\risk-engine\npl.calculator.js"
"13.03.2026 17:16:53","C:\Users\sk36\.gemini\antigravity\scratch\icsistemler-platformu\backend\dist\src\risk-engine\npl.calculator.js.map"
"13.03.2026 17:16:53","C:\Users\sk36\.gemini\antigravity\scratch\icsistemler-platformu\backend\dist\src\risk-engine\risk-engine.types.d.ts"
"13.03.2026 17:16:53","C:\Users\sk36\.gemini\antigravity\scratch\icsistemler-platformu\backend\dist\src\risk-engine\risk-engine.types.js"
"13.03.2026 17:16:53","C:\Users\sk36\.gemini\antigravity\scratch\icsistemler-platformu\backend\dist\src\risk-engine\risk-engine.types.js.map"
"13.03.2026 17:16:53","C:\Users\sk36\.gemini\antigravity\scratch\icsistemler-platformu\backend\dist\src\common\common.module.d.ts"
"13.03.2026 17:16:53","C:\Users\sk36\.gemini\antigravity\scratch\icsistemler-platformu\backend\dist\src\common\common.module.js"
"13.03.2026 17:16:53","C:\Users\sk36\.gemini\antigravity\scratch\icsistemler-platformu\backend\dist\src\common\common.module.js.map"
"13.03.2026 17:16:53","C:\Users\sk36\.gemini\antigravity\scratch\icsistemler-platformu\backend\dist\src\common\interceptors\audit-access-log.interceptor.d.ts"
"13.03.2026 17:16:53","C:\Users\sk36\.gemini\antigravity\scratch\icsistemler-platformu\backend\dist\src\common\interceptors\audit-access-log.interceptor.js"
"13.03.2026 17:16:53","C:\Users\sk36\.gemini\antigravity\scratch\icsistemler-platformu\backend\dist\src\common\interceptors\audit-access-log.interceptor.js.map"
"13.03.2026 17:16:53","C:\Users\sk36\.gemini\antigravity\scratch\icsistemler-platformu\backend\dist\src\common\secure-file.controller.d.ts"
"13.03.2026 17:16:53","C:\Users\sk36\.gemini\antigravity\scratch\icsistemler-platformu\backend\dist\src\common\secure-file.controller.js"
"13.03.2026 17:16:53","C:\Users\sk36\.gemini\antigravity\scratch\icsistemler-platformu\backend\dist\src\common\secure-file.controller.js.map"
"13.03.2026 17:16:53","C:\Users\sk36\.gemini\antigravity\scratch\icsistemler-platformu\backend\dist\src\auth\guards\permissions.guard.d.ts"
"13.03.2026 17:16:53","C:\Users\sk36\.gemini\antigravity\scratch\icsistemler-platformu\backend\dist\src\auth\guards\permissions.guard.js"
"13.03.2026 17:16:53","C:\Users\sk36\.gemini\antigravity\scratch\icsistemler-platformu\backend\dist\src\auth\guards\permissions.guard.js.map"
"13.03.2026 17:16:53","C:\Users\sk36\.gemini\antigravity\scratch\icsistemler-platformu\backend\dist\src\auth\decorators\permissions.decorator.d.ts"
"13.03.2026 17:16:53","C:\Users\sk36\.gemini\antigravity\scratch\icsistemler-platformu\backend\dist\src\auth\decorators\permissions.decorator.js"
"13.03.2026 17:16:53","C:\Users\sk36\.gemini\antigravity\scratch\icsistemler-platformu\backend\dist\src\auth\decorators\permissions.decorator.js.map"
"13.03.2026 17:16:53","C:\Users\sk36\.gemini\antigravity\scratch\icsistemler-platformu\backend\dist\src\auth\guards\jwt-auth.guard.d.ts"
"13.03.2026 17:16:53","C:\Users\sk36\.gemini\antigravity\scratch\icsistemler-platformu\backend\dist\src\auth\guards\jwt-auth.guard.js"
"13.03.2026 17:16:53","C:\Users\sk36\.gemini\antigravity\scratch\icsistemler-platformu\backend\dist\src\auth\guards\jwt-auth.guard.js.map"
"13.03.2026 17:16:53","C:\Users\sk36\.gemini\antigravity\scratch\icsistemler-platformu\backend\dist\src\auth\decorators\public.decorator.d.ts"
"13.03.2026 17:16:52","C:\Users\sk36\.gemini\antigravity\scratch\icsistemler-platformu\backend\dist\src\auth\decorators\public.decorator.js"
"13.03.2026 17:16:52","C:\Users\sk36\.gemini\antigravity\scratch\icsistemler-platformu\backend\dist\src\auth\decorators\public.decorator.js.map"
"13.03.2026 17:16:52","C:\Users\sk36\.gemini\antigravity\scratch\icsistemler-platformu\backend\dist\src\common\prisma.service.d.ts"
"13.03.2026 17:16:52","C:\Users\sk36\.gemini\antigravity\scratch\icsistemler-platformu\backend\dist\src\common\prisma.service.js"
"13.03.2026 17:16:52","C:\Users\sk36\.gemini\antigravity\scratch\icsistemler-platformu\backend\dist\src\common\prisma.service.js.map"
"13.03.2026 17:16:52","C:\Users\sk36\.gemini\antigravity\scratch\icsistemler-platformu\backend\dist\chk_report.d.ts"
"13.03.2026 17:16:52","C:\Users\sk36\.gemini\antigravity\scratch\icsistemler-platformu\backend\dist\chk_report.js"
"13.03.2026 17:16:52","C:\Users\sk36\.gemini\antigravity\scratch\icsistemler-platformu\backend\dist\chk_report.js.map"
"13.03.2026 17:16:52","C:\Users\sk36\.gemini\antigravity\scratch\icsistemler-platformu\backend\dist\chk_db_dates.d.ts"
"13.03.2026 17:16:52","C:\Users\sk36\.gemini\antigravity\scratch\icsistemler-platformu\backend\dist\chk_db_dates.js"
"13.03.2026 17:16:52","C:\Users\sk36\.gemini\antigravity\scratch\icsistemler-platformu\backend\dist\chk_db_dates.js.map"
"13.03.2026 17:16:48","C:\Users\sk36\.gemini\antigravity\scratch\icsistemler-platformu\frontend\.next\server\vendor-chunks\styled-jsx.js"
"13.03.2026 17:16:48","C:\Users\sk36\.gemini\antigravity\scratch\icsistemler-platformu\frontend\.next\server\vendor-chunks\clsx.js"
"13.03.2026 17:16:48","C:\Users\sk36\.gemini\antigravity\scratch\icsistemler-platformu\frontend\.next\server\vendor-chunks\@swc.js"
"13.03.2026 17:16:48","C:\Users\sk36\.gemini\antigravity\scratch\icsistemler-platformu\frontend\.next\server\middleware-manifest.json"
"13.03.2026 17:16:47","C:\Users\sk36\.gemini\antigravity\scratch\icsistemler-platformu\frontend\.next\trace"
"13.03.2026 17:16:46","C:\Users\sk36\.gemini\antigravity\scratch\icsistemler-platformu\frontend\.next\static\chunks\polyfills.js"
"13.03.2026 17:16:45","C:\Users\sk36\.gemini\antigravity\scratch\icsistemler-platformu\frontend\.next\package.json"
"13.03.2026 17:16:36","C:\Users\sk36\.gemini\antigravity\scratch\icsistemler-platformu\backend\node_modules\.prisma\client\schema.prisma"
"13.03.2026 17:16:36","C:\Users\sk36\.gemini\antigravity\scratch\icsistemler-platformu\backend\node_modules\.prisma\client\index.d.ts"
"13.03.2026 17:16:36","C:\Users\sk36\.gemini\antigravity\scratch\icsistemler-platformu\backend\node_modules\.prisma\client\wasm.js"
"13.03.2026 17:16:36","C:\Users\sk36\.gemini\antigravity\scratch\icsistemler-platformu\backend\node_modules\.prisma\client\wasm.d.ts"
"13.03.2026 17:16:36","C:\Users\sk36\.gemini\antigravity\scratch\icsistemler-platformu\backend\node_modules\.prisma\client\index.js"
"13.03.2026 17:16:36","C:\Users\sk36\.gemini\antigravity\scratch\icsistemler-platformu\backend\node_modules\.prisma\client\default.d.ts"
"13.03.2026 17:16:36","C:\Users\sk36\.gemini\antigravity\scratch\icsistemler-platformu\backend\node_modules\.prisma\client\edge.js"
"13.03.2026 17:16:36","C:\Users\sk36\.gemini\antigravity\scratch\icsistemler-platformu\backend\node_modules\.prisma\client\index-browser.js"
"13.03.2026 17:16:36","C:\Users\sk36\.gemini\antigravity\scratch\icsistemler-platformu\backend\node_modules\.prisma\client\edge.d.ts"
"13.03.2026 17:16:36","C:\Users\sk36\.gemini\antigravity\scratch\icsistemler-platformu\backend\node_modules\.prisma\client\package.json"
"13.03.2026 17:16:36","C:\Users\sk36\.gemini\antigravity\scratch\icsistemler-platformu\backend\node_modules\.prisma\client\default.js"
"13.03.2026 17:13:15","C:\Users\sk36\.gemini\antigravity\scratch\icsistemler-platformu\backend\src\audit\sampling.service.ts"
"13.03.2026 17:12:02","C:\Users\sk36\.gemini\antigravity\scratch\icsistemler-platformu\frontend\.next\cache\webpack\client-development\0.pack.gz"
"13.03.2026 17:12:02","C:\Users\sk36\.gemini\antigravity\scratch\icsistemler-platformu\frontend\.next\cache\webpack\client-development\35.pack.gz"
"13.03.2026 17:11:04","C:\Users\sk36\.gemini\antigravity\scratch\icsistemler-platformu\frontend\.next\cache\webpack\server-development\1.pack.gz"
"13.03.2026 17:10:25","C:\Users\sk36\.gemini\antigravity\scratch\icsistemler-platformu\frontend\.next\cache\webpack\server-development\47.pack.gz"
"13.03.2026 17:08:35","C:\Users\sk36\.gemini\antigravity\scratch\icsistemler-platformu\frontend\.next\cache\webpack\server-development\46.pack.gz"
"13.03.2026 17:08:35","C:\Users\sk36\.gemini\antigravity\scratch\icsistemler-platformu\frontend\.next\cache\webpack\server-development\48.pack.gz"
"13.03.2026 17:06:10","C:\Users\sk36\.gemini\antigravity\scratch\icsistemler-platformu\frontend\.next\cache\webpack\client-development\7.pack.gz"
"13.03.2026 17:05:13","C:\Users\sk36\.gemini\antigravity\scratch\icsistemler-platformu\frontend\.next\cache\webpack\server-development\30.pack.gz"
"13.03.2026 17:05:13","C:\Users\sk36\.gemini\antigravity\scratch\icsistemler-platformu\frontend\.next\cache\webpack\server-development\36.pack.gz"
"13.03.2026 17:05:13","C:\Users\sk36\.gemini\antigravity\scratch\icsistemler-platformu\frontend\.next\cache\webpack\server-development\24.pack.gz"
"13.03.2026 17:05:08","C:\Users\sk36\.gemini\antigravity\scratch\icsistemler-platformu\frontend\app\audit\sampling\page.tsx"
"13.03.2026 17:04:29","C:\Users\sk36\.gemini\antigravity\scratch\icsistemler-platformu\frontend\.next\cache\webpack\client-development\25.pack.gz"
"13.03.2026 17:04:27","C:\Users\sk36\.gemini\antigravity\scratch\icsistemler-platformu\frontend\.next\cache\webpack\client-development\36.pack.gz"
"13.03.2026 17:04:12","C:\Users\sk36\.gemini\antigravity\scratch\icsistemler-platformu\frontend\lib\audit-api.ts"
"13.03.2026 17:02:50","C:\Users\sk36\.gemini\antigravity\scratch\icsistemler-platformu\backend\src\audit\sampling.controller.ts"
"13.03.2026 16:59:58","C:\Users\sk36\.gemini\antigravity\scratch\icsistemler-platformu\backend\prisma\schema.prisma"
"13.03.2026 16:35:55","C:\Users\sk36\.gemini\antigravity\scratch\icsistemler-platformu\frontend\.next\cache\webpack\server-development\23.pack.gz"
"13.03.2026 16:34:39","C:\Users\sk36\.gemini\antigravity\scratch\icsistemler-platformu\frontend\.next\cache\webpack\client-development\15.pack.gz"
"13.03.2026 16:33:32","C:\Users\sk36\.gemini\antigravity\scratch\icsistemler-platformu\frontend\lib\audit-utils.ts"
"13.03.2026 16:19:39","C:\Users\sk36\.gemini\antigravity\scratch\icsistemler-platformu\tmp\check_sample.js"
"13.03.2026 16:19:00","C:\Users\sk36\.gemini\antigravity\scratch\icsistemler-platformu\frontend\.next\cache\webpack\server-development\34.pack.gz"
"13.03.2026 16:18:44","C:\Users\sk36\.gemini\antigravity\scratch\icsistemler-platformu\tmp\check_sample.ts"
